{
  "appIconURL": "blueprint/appicon.svg",
  "description": "Develop a web app to extract and visualize enriched data using Node.js and Watson Discovery",
  "email": "cloud@us.ibm.com",
  "generatorOptions": {
    "generator-git-starterkit-credentials-builder": {
      "scope": "@arf",
      "version": "0.x.x"
    },
    "generator-ibm-cloud-enablement": {
      "options": {
        "port": "3000"
      },
      "version": "0.8.x"
    },
    "generator-ibm-service-enablement": {
      "version": "0.6.4"
    },
    "generator-starterkit-content-downloader": {
      "scope": "@arf",
      "version": "0.x.x"
    }
  },
  "generators": {
    "node": [
      "generator-starterkit-content-downloader",
      "generator-ibm-cloud-enablement",
      "generator-ibm-service-enablement",
      "generator-git-starterkit-credentials-builder"
    ]
  },
  "name": "Perform intelligent searches on data",
  "previewURLs": [],
  "requiredCapabilities": [
    "discovery"
  ],
  "requiredCapabilitiesURLs": {
    "discovery": "https://cloud.ibm.com/catalog/services/discovery"
  },
  "servicePlans": {
    "discovery": "lite"
  },
  "tags": [
    "devex"
  ],
  "thumbnailURL": "blueprint/thumbnail.svg",
  "type": "WEB"
}
